Id,Text
80,Explore a museum
29,"I nod when the musician looks my way, to show I really enjoy the music."
9,I visit a popular street market to experience the city's unique flavors and energy.
82,Go to the Farmer's Market
79,You wake up feeling refreshed. Let's see what this day brings.
23,You feel they're too busy to bother them with questions.
5,"As you stroll through the nearby park, the soothing sounds of rustling leaves and chirping birds help calm your senses."
42,You start to think about all the stuff you need to do tomorrow.
4,I take a walk through a nearby park to relax and acclimate to the city.
26,"You take a moment to appreciate the beauty of the music, feeling a connection to the artist and the vibrant energy they bring to the urban landscape."
17,"You come across a vendor with furrowed brows and a tense expression, their voice raised as they heatedly argue with a customer over a transaction at their stand."
71,"The phone rings ten times, nobody is at home."
7,"A solitary figure sits on the bench, engrossed in a book, seemingly unfazed by the surrounding city noise."
32,I grab my phone and take pictures of the murals.
89,You get to the farmer's market. It's very early and some stands are still being set up.
64,"The phone rings twice, and dad picks up. You have a good chat."
34,"This unexpected oasis of visual tranquility provides a respite from the chaos of the city, inspiring you to explore more of the urban canvas and the stories it holds."
6,"You find a quiet bench to sit on, taking a moment to breathe deeply and gather your thoughts."
36,"Feeling mentally and physically exhausted from the day's adventures, you decide it's time to head back to your hotel."
51,A good cup of tea is always good to regulate after the sensory overload of the city.
3,"As you take your first steps in this urban jungle, you feel a mix of emotions, hoping to find your place in this new environment."
57,"Feeling depleted of spoons, you go right back to bed."
18,"You spot a visibly agitated vendor, their clenched fists and piercing glare making it clear that they're unhappy with the current situation unfolding before them."
33,"I keep walking, even if the murals look good, the darkness of the alley is unsettling."
28,The musician smiles and nods thanking you.
21,"You observe a vendor at a small food stand, their shoulders slumped and eyes slightly glazed as they quietly serve customers, mustering just enough energy to complete each transaction."
8,This serene oasis gives you the confidence to face the challenges ahead as you acclimate to your new life in the bustling city.
31,"Each colorful mural tells a different story, capturing your imagination and sparking your creativity."
14,"You see the owner beaming with joy, their infectious smile and animated gestures inviting customers to try their delectable creations."
25,"The captivating sound creates a soothing bubble, momentarily transporting you away from the city's noise."
13,"You notice the stand owner, their eyes sparkling with joy as they animatedly describe their homemade offerings to an eager customer."
27,I leave two dollars to the artist.
40,The moonlight gives the room a peaceful tone.
49,I make some tea
61,I call my parents
86,You get to the museum door. You watch through the window. It seems crowded.
22,"The vendor at a nearby food stand appears worn, their movements slow and deliberate, as they attempt to maintain a smile while attending to the seemingly endless stream of customers."
30,"Wandering the market, you stumble upon a hidden alley adorned with vibrant street art."
37,"As you enter the peaceful sanctuary of your room, you take a deep breath, relieved to have a quiet space where you can recharge and prepare for the challenges ahead."
24,"As you try to navigate the crowded market, you're drawn to the entrancing melody of a street musician."
44,That makes you feel overwhelmed.
1,"You've just arrived in the bustling city, full of excitement and anticipation for your new job."
10,"At the bustling street market, you discover a food stand offering mouthwa  tering delicacies."
52,You sit in the couch to enjoy your tea. Drink half of the cup and fall asleep.
73,You decide it's now time to go to sleep.
38,The sun shines bright through the window.
47,You decide to focus on the now...
67,"The phone rings twice, and mom picks up. You have a good chat."
2,"The skyline reaches for the clouds, and the sounds of traffic and people surround you."
56,I go to bed
